Date	Close
23/11/2017	28
23/11/2017	80
24/11/2017	49
24/11/2017	69
24/11/2017	97
24/11/2017	56
25/11/2017	90
25/11/2017	49
25/11/2017	99
27/11/2017	62
27/11/2017	93
27/11/2017	55
27/11/2017	17
28/11/2017	62
28/11/2017	88
28/11/2017	01
28/11/2017	34
29/11/2017	57
29/11/2017	55
29/11/2017	23
30/11/2017	14
30/11/2017	84
30/11/2017	44
30/11/2017	52
12/04/2017	80
01/02/2018	67
01/02/2018	63
01/02/2018	30
01/02/2018	76
01/03/2018	84
01/03/2018	72
01/03/2018	21
01/03/2018	08
01/04/2018	57
01/04/2018	19
01/04/2018	82
01/04/2018	72
01/05/2018	06
01/05/2018	93
01/05/2018	03
01/05/2018	39
01/06/2018	62
01/06/2018	80
01/06/2018	68
01/06/2018	73
01/08/2018	07
01/08/2018	73
01/08/2018	91
01/08/2018	92
01/09/2018	95
01/09/2018	34
01/09/2018	23
01/09/2018	30
01/10/2018	29
01/10/2018	51
01/10/2018	62
01/10/2018	38
01/11/2018	19
01/11/2018	44
01/11/2018	72
01/11/2018	33
01/12/2018	16
01/12/2018	87
01/12/2018	44
01/12/2018	75
13/01/2018	19
13/01/2018	28
13/01/2018	75
13/01/2018	79
15/01/2018	79
15/01/2018	83
15/01/2018	51
15/01/2018	22
16/01/2018	01
16/01/2018	36
16/01/2018	54
16/01/2018	78
17/01/2018	61
17/01/2018	75
17/01/2018	12
17/01/2018	38
18/01/2018	68
18/01/2018	44
18/01/2018	54
18/01/2018	15
19/01/2018	38
19/01/2018	58
19/01/2018	07
19/01/2018	15
20/01/2018	10
20/01/2018	23
20/01/2018	44
20/01/2018	51
22/01/2018	37
22/01/2018	08
22/01/2018	47
22/01/2018	85
23/01/2018	15
23/01/2018	37
23/01/2018	37
23/01/2018	68
24/01/2018	06
24/01/2018	25
24/01/2018	05
24/01/2018	05
25/01/2018	30
25/01/2018	65
25/01/2018	85
25/01/2018	68
26/01/2018	80
26/01/2018	28
26/01/2018	21
26/01/2018	00
27/01/2018	88
27/01/2018	32
27/01/2018	31
27/01/2018	22
29/01/2018	71
29/01/2018	44
29/01/2018	03
29/01/2018	80
30/01/2018	35
30/01/2018	46
30/01/2018	07
30/01/2018	62
31/01/2018	96
31/01/2018	50
31/01/2018	93
31/01/2018	24
02/01/2018	64
02/01/2018	93
02/01/2018	36
02/01/2018	97
02/02/2018	33
02/02/2018	29
02/02/2018	75
02/02/2018	54
02/03/2018	09
02/03/2018	84
02/03/2018	88
02/03/2018	41
02/05/2018	63
02/05/2018	68
02/05/2018	38
02/05/2018	69
02/06/2018	73
02/06/2018	63
02/06/2018	44
02/06/2018	89
02/07/2018	32
02/07/2018	34
02/07/2018	49
02/07/2018	20
02/08/2018	11
02/08/2018	26
02/08/2018	54
02/08/2018	62
02/09/2018	66
02/09/2018	03
02/09/2018	41
02/09/2018	70
02/10/2018	57
02/10/2018	43
02/10/2018	66
02/10/2018	04
02/12/2018	02
02/12/2018	54
13/02/2018	89
13/02/2018	12
14/02/2018	39
14/02/2018	82
14/02/2018	54
14/02/2018	46
15/02/2018	71
15/02/2018	71
15/02/2018	67
15/02/2018	59
16/02/2018	39
16/02/2018	94
16/02/2018	36
16/02/2018	16
17/02/2018	87
17/02/2018	46
17/02/2018	76
17/02/2018	59
19/02/2018	91
19/02/2018	35
19/02/2018	95
19/02/2018	83
20/02/2018	83
20/02/2018	18
20/02/2018	79
20/02/2018	46
21/02/2018	76
21/02/2018	07
21/02/2018	40
21/02/2018	80
22/02/2018	23
22/02/2018	93
22/02/2018	69
22/02/2018	56
23/02/2018	11
23/02/2018	29
23/02/2018	29
23/02/2018	31
24/02/2018	93
24/02/2018	56
24/02/2018	46
24/02/2018	11
26/02/2018	08
26/02/2018	06
26/02/2018	43
26/02/2018	68
27/02/2018	29
27/02/2018	24
27/02/2018	63
27/02/2018	61
28/02/2018	02
28/02/2018	20
28/02/2018	43
28/02/2018	84
03/01/2018	86
03/01/2018	28
03/01/2018	74
03/01/2018	95
03/02/2018	00
03/02/2018	11
03/02/2018	98
03/02/2018	62
03/03/2018	96
03/03/2018	71
03/03/2018	98
03/05/2018	44
03/05/2018	75
03/05/2018	22
03/05/2018	59
03/06/2018	47
03/06/2018	31
03/06/2018	00
03/06/2018	96
03/07/2018	81
03/07/2018	36
03/07/2018	04
03/07/2018	67
03/08/2018	48
03/08/2018	14
03/08/2018	26
03/08/2018	41
03/09/2018	89
03/09/2018	19
03/09/2018	80
03/09/2018	29
03/10/2018	44
03/10/2018	52
03/10/2018	50
03/12/2018	62
03/12/2018	79
03/12/2018	03
03/12/2018	02
13/03/2018	78
13/03/2018	68
13/03/2018	25
13/03/2018	58
14/03/2018	62
14/03/2018	25
14/03/2018	11
14/03/2018	49
15/03/2018	36
15/03/2018	29
15/03/2018	20
15/03/2018	93
16/03/2018	37
16/03/2018	98
16/03/2018	96
16/03/2018	11
17/03/2018	85
17/03/2018	10
17/03/2018	44
19/03/2018	27
19/03/2018	27
19/03/2018	77
19/03/2018	42
20/03/2018	50
20/03/2018	58
20/03/2018	29
20/03/2018	95
21/03/2018	37
21/03/2018	15
21/03/2018	72
22/03/2018	05
22/03/2018	54
22/03/2018	59
22/03/2018	07
23/03/2018	35
23/03/2018	19
23/03/2018	16
23/03/2018	42
26/03/2018	80
26/03/2018	64
26/03/2018	31
26/03/2018	92
27/03/2018	01
27/03/2018	53
27/03/2018	05
27/03/2018	73
28/03/2018	93
28/03/2018	46
28/03/2018	31
28/03/2018	11
29/03/2018	29
29/03/2018	35
31/03/2018	59
31/03/2018	90
31/03/2018	64
04/03/2018	01
04/03/2018	44
04/03/2018	62
04/03/2018	43
04/04/2018	10
04/04/2018	05
04/04/2018	83
04/04/2018	96
04/05/2018	02
04/05/2018	82
04/05/2018	70
04/05/2018	66
04/06/2018	51
04/06/2018	95
04/06/2018	96
04/06/2018	68
04/07/2018	26
04/07/2018	03
04/07/2018	17
04/07/2018	27
04/09/2018	07
04/09/2018	20
04/09/2018	06
04/09/2018	96
04/10/2018	38
04/10/2018	83
04/10/2018	35
04/10/2018	28
04/11/2018	27
04/11/2018	98
04/12/2018	25
04/12/2018	81
04/12/2018	08
13/04/2018	09
13/04/2018	09
13/04/2018	54
13/04/2018	58
14/04/2018	24
14/04/2018	54
14/04/2018	18
14/04/2018	60
16/04/2018	38
16/04/2018	45
16/04/2018	80
16/04/2018	55
17/04/2018	00
17/04/2018	11
17/04/2018	28
17/04/2018	48
18/04/2018	96
18/04/2018	24
18/04/2018	52
18/04/2018	22
19/04/2018	07
19/04/2018	32
19/04/2018	80
19/04/2018	73
20/04/2018	45
20/04/2018	69
20/04/2018	08
20/04/2018	94
21/04/2018	75
21/04/2018	99
21/04/2018	84
21/04/2018	59
23/04/2018	05
23/04/2018	44
23/04/2018	35
23/04/2018	60
24/04/2018	77
24/04/2018	49
24/04/2018	41
24/04/2018	31
25/04/2018	26
25/04/2018	04
25/04/2018	19
25/04/2018	23
26/04/2018	97
27/04/2018	19
27/04/2018	42
27/04/2018	99
27/04/2018	45
28/04/2018	28
28/04/2018	52
28/04/2018	84
28/04/2018	18
30/04/2018	31
30/04/2018	10
30/04/2018	29
05/02/2018	42
05/02/2018	09
05/02/2018	20
05/02/2018	19
05/03/2018	08
05/03/2018	14
05/03/2018	18
05/03/2018	73
05/04/2018	50
05/04/2018	72
05/04/2018	55
05/04/2018	17
05/05/2018	98
05/05/2018	24
05/05/2018	56
05/05/2018	20
05/07/2018	23
05/07/2018	76
05/07/2018	51
05/07/2018	23
05/08/2018	63
05/08/2018	83
05/08/2018	93
05/08/2018	28
05/09/2018	92
05/09/2018	30
05/09/2018	38
05/09/2018	62
05/10/2018	28
05/10/2018	65
05/10/2018	04
05/10/2018	76
05/11/2018	11
05/11/2018	19
05/11/2018	14
05/11/2018	08
05/12/2018	51
05/12/2018	16
05/12/2018	86
05/12/2018	55
14/05/2018	20
14/05/2018	09
14/05/2018	14
14/05/2018	21
15/05/2018	04
15/05/2018	51
15/05/2018	77
15/05/2018	83
16/05/2018	95
16/05/2018	50
16/05/2018	84
16/05/2018	83
17/05/2018	43
17/05/2018	44
17/05/2018	44
17/05/2018	14
18/05/2018	81
18/05/2018	23
18/05/2018	06
18/05/2018	91
19/05/2018	84
19/05/2018	53
19/05/2018	11
19/05/2018	99
21/05/2018	21
21/05/2018	26
21/05/2018	21
21/05/2018	58
22/05/2018	64
22/05/2018	42
22/05/2018	85
22/05/2018	31
23/05/2018	27
23/05/2018	26
23/05/2018	16
23/05/2018	40
24/05/2018	50
24/05/2018	14
24/05/2018	21
24/05/2018	11
26/05/2018	69
26/05/2018	54
26/05/2018	21
26/05/2018	57
28/05/2018	30
28/05/2018	79
28/05/2018	62
28/05/2018	43
29/05/2018	62
29/05/2018	05
29/05/2018	09
29/05/2018	32
30/05/2018	64
30/05/2018	17
30/05/2018	58
30/05/2018	17
31/05/2018	69
31/05/2018	68
31/05/2018	77
31/05/2018	28
06/01/2018	64
06/01/2018	98
06/01/2018	81
06/01/2018	12
06/02/2018	63
06/02/2018	10
06/02/2018	95
06/02/2018	88
06/04/2018	33
06/04/2018	53
06/04/2018	80
06/04/2018	32
06/05/2018	24
06/05/2018	92
06/05/2018	36
06/05/2018	50
05/06/2018	59
06/06/2018	27
06/06/2018	65
06/06/2018	23
06/07/2018	25
06/07/2018	67
06/07/2018	73
06/07/2018	68
06/08/2018	43
06/08/2018	47
06/08/2018	14
06/08/2018	50
06/09/2018	03
06/09/2018	59
06/09/2018	39
06/09/2018	34
06/11/2018	61
06/11/2018	31
06/11/2018	61
06/11/2018	59
06/12/2018	73
06/12/2018	27
06/12/2018	06
06/12/2018	51
13/06/2018	87
13/06/2018	20
13/06/2018	58
13/06/2018	41
14/06/2018	75
14/06/2018	69
14/06/2018	52
14/06/2018	16
15/06/2018	39
15/06/2018	54
15/06/2018	81
15/06/2018	95
16/06/2018	57
16/06/2018	48
16/06/2018	08
16/06/2018	98
18/06/2018	91
18/06/2018	76
18/06/2018	83
18/06/2018	59
19/06/2018	38
19/06/2018	57
19/06/2018	52
19/06/2018	45
21/06/2018	99
21/06/2018	59
21/06/2018	55
21/06/2018	31
22/06/2018	76
22/06/2018	25
22/06/2018	49
22/06/2018	66
23/06/2018	64
23/06/2018	54
23/06/2018	29
23/06/2018	23
25/06/2018	57
25/06/2018	83
25/06/2018	15
25/06/2018	88
26/06/2018	94
26/06/2018	80
26/06/2018	30
26/06/2018	73
27/06/2018	33
27/06/2018	26
27/06/2018	69
27/06/2018	64
28/06/2018	43
28/06/2018	19
28/06/2018	42
28/06/2018	12
29/06/2018	04
29/06/2018	84
29/06/2018	64
29/06/2018	36
30/06/2018	95
30/06/2018	02
30/06/2018	19
30/06/2018	23
07/02/2018	72
07/02/2018	76
07/02/2018	94
07/02/2018	71
07/03/2018	72
07/03/2018	00
07/03/2018	93
07/03/2018	96
07/04/2018	16
07/04/2018	05
07/04/2018	81
07/04/2018	87
07/05/2018	07
07/05/2018	26
07/05/2018	68
07/05/2018	00
07/06/2018	66
07/06/2018	49
07/06/2018	25
07/06/2018	98
07/07/2018	33
07/07/2018	80
07/07/2018	45
07/07/2018	98
07/10/2018	87
07/10/2018	48
07/10/2018	72
07/10/2018	87
07/11/2018	16
07/11/2018	07
07/11/2018	28
07/11/2018	98
07/12/2018	26
07/12/2018	35
07/12/2018	60
07/12/2018	50
13/07/2018	88
13/07/2018	35
13/07/2018	06
13/07/2018	09
14/07/2018	22
14/07/2018	19
14/07/2018	18
14/07/2018	64
16/07/2018	11
16/07/2018	59
16/07/2018	81
16/07/2018	20
17/07/2018	69
17/07/2018	32
17/07/2018	32
17/07/2018	95
18/07/2018	09
18/07/2018	14
18/07/2018	21
18/07/2018	61
19/07/2018	70
19/07/2018	09
19/07/2018	17
19/07/2018	90
20/07/2018	26
20/07/2018	07
20/07/2018	22
20/07/2018	85
21/07/2018	09
21/07/2018	77
21/07/2018	89
21/07/2018	26
23/07/2018	49
23/07/2018	10
23/07/2018	55
23/07/2018	08
24/07/2018	93
24/07/2018	79
24/07/2018	25
24/07/2018	93
25/07/2018	79
25/07/2018	31
25/07/2018	83
25/07/2018	33
26/07/2018	79
26/07/2018	44
26/07/2018	04
26/07/2018	72
27/07/2018	91
27/07/2018	07
27/07/2018	23
27/07/2018	56
28/07/2018	98
28/07/2018	31
28/07/2018	24
28/07/2018	35
30/07/2018	97
30/07/2018	08
30/07/2018	19
30/07/2018	58
31/07/2018	82
31/07/2018	00
31/07/2018	01
31/07/2018	40
08/01/2018	62
08/01/2018	09
08/01/2018	37
08/01/2018	87
08/02/2018	64
08/02/2018	77
08/02/2018	42
08/02/2018	74
08/03/2018	40
08/03/2018	03
08/03/2018	66
08/03/2018	57
08/04/2018	84
08/04/2018	40
08/04/2018	86
08/04/2018	20
08/06/2018	98
08/06/2018	61
08/06/2018	00
08/06/2018	35
08/07/2018	07
08/07/2018	20
08/07/2018	96
08/07/2018	96
08/08/2018	46
08/08/2018	54
08/08/2018	23
08/08/2018	79
08/09/2018	67
08/09/2018	32
08/09/2018	46
08/09/2018	00
08/10/2018	35
08/10/2018	68
08/11/2018	78
08/11/2018	07
08/11/2018	70
08/11/2018	18
13/08/2018	42
13/08/2018	40
13/08/2018	83
13/08/2018	52
14/08/2018	90
14/08/2018	75
14/08/2018	93
14/08/2018	66
15/08/2018	74
15/08/2018	43
15/08/2018	15
15/08/2018	69
16/08/2018	09
16/08/2018	72
16/08/2018	11
16/08/2018	63
17/08/2018	91
17/06/2018	16
17/08/2018	27
17/08/2018	91
18/08/2018	12
18/08/2018	77
18/08/2018	92
18/08/2018	59
20/08/2018	44
20/08/2018	30
20/08/2018	90
21/08/2018	74
21/08/2018	72
21/08/2018	94
21/08/2018	78
22/08/2018	73
22/08/2018	10
22/08/2018	53
22/08/2018	12
23/08/2018	61
23/08/2018	13
23/08/2018	79
23/08/2018	02
24/08/2018	73
24/08/2018	63
24/08/2018	89
24/08/2018	25
25/08/2018	34
25/08/2018	65
25/08/2018	87
25/08/2018	24
27/08/2018	98
27/08/2018	71
27/08/2018	10
27/08/2018	75
28/08/2018	33
28/08/2018	29
28/08/2018	75
28/08/2018	54
29/08/2018	91
29/08/2018	20
29/08/2018	35
29/08/2018	69
30/08/2018	23
30/08/2018	78
30/08/2018	23
30/08/2018	48
31/08/2018	94
31/08/2018	37
31/08/2018	10
31/08/2018	79
09/01/2018	18
09/01/2018	45
09/01/2018	54
09/01/2018	40
09/03/2018	97
09/03/2018	68
09/03/2018	46
09/03/2018	77
09/04/2018	87
09/04/2018	24
09/04/2018	78
09/04/2018	72
09/05/2018	85
09/05/2018	70
09/05/2018	07
09/05/2018	11
09/06/2018	71
09/06/2018	24
09/06/2018	92
09/06/2018	79
09/07/2018	52
09/07/2018	56
09/07/2018	29
09/07/2018	65
09/08/2018	42
09/08/2018	82
09/08/2018	49
09/10/2018	00
09/10/2018	17
09/10/2018	91
09/10/2018	52
09/11/2018	30
09/11/2018	05
09/11/2018	29
09/11/2018	38
09/12/2018	70
09/12/2018	02
09/12/2018	75
09/12/2018	09
13/09/2018	17
13/09/2018	56
13/09/2018	61
13/09/2018	42
14/09/2018	12
14/09/2018	76
14/09/2018	56
14/09/2018	41
15/09/2018	61
15/09/2018	74
15/09/2018	48
15/09/2018	08
17/09/2018	75
17/09/2018	77
17/09/2018	14
17/09/2018	79
18/09/2018	10
18/09/2018	20
18/09/2018	90
18/09/2018	06
19/09/2018	55
19/09/2018	89
19/09/2018	16
19/09/2018	64
20/09/2018	78
20/09/2018	11
20/09/2018	81
20/09/2018	01
21/09/2018	80
21/09/2018	96
21/09/2018	54
21/09/2018	84
22/09/2018	28
22/09/2018	07
22/09/2018	05
22/09/2018	55
24/09/2018	82
24/09/2018	25
24/09/2018	78
24/09/2018	04
25/09/2018	78
25/09/2018	50
25/09/2018	01
25/09/2018	21
26/09/2018	56
26/09/2018	01
26/09/2018	89
26/09/2018	10
27/09/2018	78
27/09/2018	32
27/09/2018	63
27/09/2018	65
28/09/2018	42
28/09/2018	31
28/09/2018	84
28/09/2018	28
29/09/2018	31
29/09/2018	59
29/09/2018	32
29/09/2018	70
10/01/2018	46
10/01/2018	22
10/01/2018	97
10/01/2018	00
10/02/2018	41
10/02/2018	99
10/02/2018	18
10/02/2018	01
10/03/2018	69
10/03/2018	00
10/03/2018	07
10/03/2018	60
10/04/2018	45
10/04/2018	74
10/04/2018	32
10/04/2018	78
10/05/2018	13
10/05/2018	21
10/05/2018	63
10/05/2018	86
10/06/2018	54
10/06/2018	49
10/06/2018	91
10/06/2018	65
10/08/2018	00
10/08/2018	23
10/08/2018	21
10/08/2018	84
10/09/2018	41
10/09/2018	56
10/09/2018	53
10/09/2018	10
10/10/2018	06
10/10/2018	28
10/10/2018	48
10/10/2018	84
10/11/2018	86
10/11/2018	59
10/11/2018	43
10/11/2018	91
10/12/2018	54
10/12/2018	36
10/12/2018	36
10/12/2018	89
13/10/2018	05
13/10/2018	76
13/10/2018	76
13/10/2018	03
15/10/2018	31
15/10/2018	86
15/10/2018	92
16/10/2018	99
16/10/2018	76
16/10/2018	09
16/10/2018	55
17/10/2018	78
17/10/2018	01
17/10/2018	45
17/10/2018	41
18/10/2018	40
18/10/2018	22
18/10/2018	87
18/10/2018	29
19/10/2018	03
19/10/2018	67
19/10/2018	32
19/10/2018	53
20/10/2018	08
20/10/2018	66
20/10/2018	37
20/10/2018	39
22/10/2018	26
22/10/2018	54
22/10/2018	12
22/10/2018	36
23/10/2018	97
23/10/2018	26
23/10/2018	43
23/10/2018	61
24/10/2018	62
24/10/2018	06
24/10/2018	10
24/10/2018	07
25/10/2018	93
25/10/2018	81
25/10/2018	84
25/10/2018	76
26/10/2018	44
26/10/2018	90
26/10/2018	73
26/10/2018	38
27/10/2018	01
27/10/2018	44
27/10/2018	11
27/10/2018	76
29/10/2018	74
29/10/2018	74
29/10/2018	89
29/10/2018	41
30/10/2018	04
30/10/2018	85
30/10/2018	64
30/10/2018	89
31/10/2018	81
31/10/2018	10
31/10/2018	23
31/10/2018	55
11/01/2018	42
11/01/2018	30
11/01/2018	42
11/01/2018	88
11/02/2018	59
11/02/2018	42
11/02/2018	45
11/02/2018	91
11/03/2018	83
11/03/2018	21
11/03/2018	86
11/03/2018	90
11/05/2018	55
11/05/2018	88
11/05/2018	64
11/05/2018	42
11/06/2018	55
11/06/2018	07
11/06/2018	47
11/06/2018	85
11/07/2018	26
11/07/2018	50
11/07/2018	13
11/07/2018	81
11/08/2018	40
11/08/2018	58
11/08/2018	41
11/08/2018	91
11/09/2018	73
11/09/2018	29
11/09/2018	58
11/09/2018	69
11/10/2018	54
11/10/2018	18
11/10/2018	91
11/10/2018	86
11/12/2018	77
11/12/2018	45
11/12/2018	12
11/12/2018	29
13/11/2018	60
13/11/2018	42
13/11/2018	39
13/11/2018	94
14/11/2018	13
14/11/2018	86
14/11/2018	32
14/11/2018	12
15/11/2018	98
15/11/2018	66
15/11/2018	58
15/11/2018	83
16/11/2018	37
16/11/2018	54
16/11/2018	84
16/11/2018	50
17/11/2018	39
17/11/2018	09
17/11/2018	31
17/11/2018	52
19/11/2018	26
19/11/2018	28
19/11/2018	58
20/11/2018	19
20/11/2018	30
20/11/2018	44
20/11/2018	93
21/11/2018	13
21/11/2018	93
21/11/2018	92
21/11/2018	54
22/11/2018	66
22/11/2018	42
22/11/2018	53
22/11/2018	12
23/11/2018	91
23/11/2018	36
23/11/2018	14
23/11/2018	91
24/11/2018	25
24/11/2018	49
24/11/2018	38
24/11/2018	23
26/11/2018	40
26/11/2018	12
26/11/2018	69
26/11/2018	30
27/11/2018	29
27/11/2018	51
27/11/2018	17
27/11/2018	61
28/11/2018	02
28/11/2018	44
28/11/2018	72
28/11/2018	75
29/11/2018	67
29/11/2018	41
29/11/2018	61
29/11/2018	79
30/11/2018	81
30/11/2018	75
30/11/2018	33
30/11/2018	84
12/01/2018	15
12/01/2018	43
12/01/2018	83
12/01/2018	37
12/03/2018	56
12/03/2018	60
12/03/2018	39
12/03/2018	78
12/04/2018	50
12/04/2018	01
12/04/2018	61
12/04/2018	61
12/05/2018	98
12/05/2018	20
12/05/2018	21
12/05/2018	74
12/06/2018	38
12/06/2018	18
12/06/2018	18
12/06/2018	50
12/07/2018	88
12/07/2018	37
12/07/2018	63
12/07/2018	70
12/08/2018	84
12/08/2018	84
12/08/2018	68
12/10/2018	05
12/10/2018	86
12/10/2018	05
12/10/2018	06
12/11/2018	23
12/11/2018	72
12/11/2018	29
12/11/2018	55
12/12/2018	40
12/12/2018	80
12/12/2018	23
12/12/2018	65
13/12/2018	17
13/12/2018	40
13/12/2018	69
13/12/2018	98
14/12/2018	11
14/12/2018	46
14/12/2018	81
14/12/2018	55
15/12/2018	78
15/12/2018	51
15/12/2018	02
15/12/2018	13
17/12/2018	49
17/12/2018	61
17/12/2018	62
17/12/2018	35
18/12/2018	68
18/12/2018	47
18/12/2018	07
18/12/2018	41
19/12/2018	29
19/12/2018	40
19/12/2018	06
19/12/2018	06
20/12/2018	68
20/12/2018	08
20/12/2018	26
20/12/2018	30
21/12/2018	87
21/12/2018	24
21/12/2018	80
21/12/2018	46
22/12/2018	71
22/12/2018	75
22/12/2018	65
22/12/2018	41
24/12/2018	89
24/12/2018	63
24/12/2018	60
26/12/2018	20
26/12/2018	09
26/12/2018	43
26/12/2018	46
27/12/2018	15
27/12/2018	86
27/12/2018	45
27/12/2018	61
28/12/2018	50
28/12/2018	30
28/12/2018	41
28/12/2018	71
29/12/2018	39
29/12/2018	70
29/12/2018	03
29/12/2018	55
31/12/2018	85
31/12/2018	65
31/12/2018	81
01/02/2019	20
01/02/2019	06
01/02/2019	05
01/02/2019	34
01/03/2019	82
01/03/2019	04
01/03/2019	80
01/03/2019	30
01/04/2019	57
01/04/2019	94
01/04/2019	46
01/04/2019	63
01/05/2019	54
01/05/2019	77
01/05/2019	68
01/05/2019	56
01/07/2019	33
01/07/2019	54
01/07/2019	34
01/07/2019	23
01/08/2019	90
01/08/2019	11
01/08/2019	47
01/08/2019	27
01/09/2019	69
01/09/2019	83
01/09/2019	61
01/09/2019	93
01/10/2019	05
01/10/2019	58
01/10/2019	65
01/10/2019	34
01/11/2019	36
01/11/2019	22
01/11/2019	63
01/11/2019	93
01/12/2019	49
01/12/2019	58
01/12/2019	17
01/12/2019	18
14/01/2019	13
14/01/2019	74
14/01/2019	33
14/01/2019	01
15/01/2019	65
15/01/2019	87
15/01/2019	12
15/01/2019	56
16/01/2019	43
16/01/2019	44
16/01/2019	53
16/01/2019	83
17/01/2019	85
17/01/2019	70
17/01/2019	98
17/01/2019	66
18/01/2019	74
18/01/2019	60
18/01/2019	14
18/01/2019	39
19/01/2019	38
19/01/2019	01
19/01/2019	08
19/01/2019	91
21/01/2019	60
21/01/2019	29
21/01/2019	89
21/01/2019	18
22/01/2019	72
22/01/2019	99
22/01/2019	54
22/01/2019	98
23/01/2019	93
23/01/2019	63
23/01/2019	61
23/01/2019	40
24/01/2019	05
24/01/2019	26
24/01/2019	64
24/01/2019	17
25/01/2019	66
25/01/2019	28
25/01/2019	28
25/01/2019	95
26/01/2019	48
26/01/2019	75
26/01/2019	70
26/01/2019	16
28/01/2019	86
28/01/2019	59
28/01/2019	89
28/01/2019	23
29/01/2019	67
29/01/2019	90
29/01/2019	94
29/01/2019	26
30/01/2019	37
30/01/2019	48
30/01/2019	39
30/01/2019	33
31/01/2019	00
31/01/2019	61
31/01/2019	56
31/01/2019	55
02/01/2019	45
02/01/2019	14
02/01/2019	43
02/01/2019	76
02/02/2019	65
02/02/2019	67
02/02/2019	02
02/02/2019	49
02/04/2019	09
02/04/2019	06
02/04/2019	78
02/04/2019	93
02/05/2019	49
02/05/2019	72
02/05/2019	15
02/05/2019	99
02/06/2019	98
02/06/2019	74
02/06/2019	73
02/06/2019	30
02/07/2019	26
02/07/2019	31
02/07/2019	59
02/07/2019	95
02/08/2019	60
02/08/2019	89
02/08/2019	63
02/08/2019	41
02/09/2019	68
02/09/2019	06
02/09/2019	77
02/09/2019	09
02/11/2019	74
02/11/2019	13
02/11/2019	19
02/11/2019	20
02/12/2019	52
02/12/2019	53
02/12/2019	48
02/12/2019	90
13/02/2019	73
13/02/2019	84
13/02/2019	67
13/02/2019	21
14/02/2019	10
14/02/2019	87
14/02/2019	63
14/02/2019	86
15/02/2019	65
15/02/2019	33
15/02/2019	75
15/02/2019	41
16/02/2019	09
16/02/2019	54
16/02/2019	73
16/02/2019	91
18/02/2019	00
18/02/2019	79
18/02/2019	19
18/02/2019	55
19/02/2019	33
19/02/2019	05
19/02/2019	04
19/02/2019	17
20/02/2019	64
20/02/2019	74
20/02/2019	58
20/02/2019	54
21/02/2019	19
21/02/2019	95
21/02/2019	51
21/02/2019	97
22/02/2019	29
22/02/2019	86
22/02/2019	05
22/02/2019	27
23/02/2019	89
23/02/2019	39
23/02/2019	23
23/02/2019	88
25/02/2019	86
25/02/2019	14
25/02/2019	32
25/02/2019	02
26/02/2019	73
26/02/2019	99
26/02/2019	44
26/02/2019	13
27/02/2019	96
27/02/2019	43
27/02/2019	52
27/02/2019	67
28/02/2019	03
28/02/2019	10
28/02/2019	32
28/02/2019	41
03/01/2019	95
03/01/2019	85
03/01/2019	10
03/01/2019	23
03/02/2019	51
03/02/2019	11
03/02/2019	24
03/02/2019	85
03/04/2019	30
03/04/2019	04
03/04/2019	84
03/05/2019	51
03/05/2019	43
03/05/2019	29
03/06/2019	76
03/06/2019	78
03/06/2019	42
03/06/2019	40
03/07/2019	30
03/07/2019	09
03/07/2019	05
03/07/2019	87
03/08/2019	21
03/08/2019	91
03/08/2019	18
03/08/2019	57
03/09/2019	50
03/09/2019	97
03/09/2019	16
03/09/2019	40
03/11/2019	44
03/11/2019	23
03/11/2019	38
03/11/2019	26
03/12/2019	43
03/12/2019	61
03/12/2019	67
03/12/2019	06
13/03/2019	24
13/03/2019	32
13/03/2019	52
13/03/2019	57
14/03/2019	20
14/03/2019	32
14/03/2019	07
14/03/2019	09
15/03/2019	42
15/03/2019	70
15/03/2019	97
15/03/2019	82
16/03/2019	71
16/03/2019	74
16/03/2019	17
16/03/2019	71
18/03/2019	21
18/03/2019	86
18/03/2019	74
18/03/2019	74
19/03/2019	06
19/03/2019	30
19/03/2019	85
19/03/2019	64
20/03/2019	46
20/03/2019	12
20/03/2019	97
20/03/2019	80
21/03/2019	36
21/03/2019	39
21/03/2019	09
21/03/2019	72
22/03/2019	42
22/03/2019	75
22/03/2019	72
22/03/2019	42
23/03/2019	01
23/03/2019	37
23/03/2019	14
23/03/2019	08
25/03/2019	79
25/03/2019	42
25/03/2019	10
25/03/2019	79
26/03/2019	55
26/03/2019	77
26/03/2019	72
26/03/2019	18
27/03/2019	93
27/03/2019	71
27/03/2019	32
27/03/2019	04
28/03/2019	17
28/03/2019	65
28/03/2019	94
28/03/2019	21
29/03/2019	81
29/03/2019	79
29/03/2019	64
29/03/2019	96
30/03/2019	39
30/03/2019	90
30/03/2019	69
30/03/2019	66
04/01/2019	41
04/01/2019	22
04/01/2019	67
04/01/2019	17
04/02/2019	10
04/02/2019	64
04/02/2019	44
04/03/2019	14
04/03/2019	00
04/03/2019	86
04/03/2019	96
04/04/2019	29
04/04/2019	06
04/04/2019	15
04/04/2019	18
04/05/2019	68
04/05/2019	86
04/05/2019	87
04/05/2019	42
04/06/2019	26
04/06/2019	10
04/06/2019	60
04/06/2019	03
04/08/2019	94
04/08/2019	17
04/08/2019	81
04/08/2019	32
04/09/2019	83
04/09/2019	78
04/09/2019	21
04/09/2019	06
04/10/2019	19
04/10/2019	15
04/10/2019	05
04/10/2019	08
04/11/2019	34
04/11/2019	32
04/11/2019	13
04/11/2019	17
04/12/2019	22
04/12/2019	36
04/12/2019	65
04/12/2019	04
13/04/2019	71
13/04/2019	20
13/04/2019	25
13/04/2019	08
15/04/2019	49
15/04/2019	94
15/04/2019	91
15/04/2019	87
16/04/2019	74
16/04/2019	61
16/04/2019	94
16/04/2019	38
17/04/2019	50
17/04/2019	76
17/04/2019	84
17/04/2019	81
18/04/2019	48
18/04/2019	29
18/04/2019	70
20/04/2019	26
20/04/2019	41
20/04/2019	96
20/04/2019	26
22/04/2019	75
22/04/2019	32
22/04/2019	71
22/04/2019	82
23/04/2019	20
23/04/2019	31
23/04/2019	90
23/04/2019	26
24/04/2019	11
24/04/2019	64
24/04/2019	23
24/04/2019	85
25/04/2019	12
25/04/2019	97
25/04/2019	74
25/04/2019	33
26/04/2019	92
26/04/2019	44
26/04/2019	08
26/04/2019	83
27/04/2019	58
27/04/2019	38
27/04/2019	00
27/04/2019	51
29/04/2019	81
29/04/2019	30
29/04/2019	29
29/04/2019	62
30/04/2019	51
30/04/2019	81
30/04/2019	86
30/04/2019	72
05/02/2019	87
05/02/2019	76
05/02/2019	28
05/02/2019	38
05/03/2019	02
05/03/2019	50
05/03/2019	17
05/03/2019	19
05/04/2019	23
05/04/2019	43
05/04/2019	43
05/04/2019	62
05/06/2019	20
05/06/2019	06
05/06/2019	82
05/06/2019	51
05/07/2019	45
05/07/2019	36
05/07/2019	59
05/07/2019	25
05/08/2019	89
05/08/2019	17
05/08/2019	04
05/08/2019	38
05/09/2019	21
05/09/2019	00
05/09/2019	55
05/09/2019	70
05/10/2019	21
05/10/2019	95
05/10/2019	84
05/10/2019	53
05/11/2019	60
05/11/2019	34
05/11/2019	89
05/11/2019	79
13/05/2019	97
13/05/2019	32
13/05/2019	78
13/05/2019	77
14/05/2019	88
14/05/2019	27
14/05/2019	04
14/05/2019	72
15/05/2019	38
15/05/2019	01
15/05/2019	88
15/05/2019	66
16/05/2019	83
16/05/2019	75
16/05/2019	67
16/05/2019	09
17/05/2019	64
17/05/2019	81
17/05/2019	28
17/05/2019	41
18/05/2019	23
18/05/2019	72
18/05/2019	62
18/05/2019	86
20/05/2019	95
20/05/2019	37
20/05/2019	47
20/05/2019	46
21/05/2019	19
21/05/2019	66
21/05/2019	20
21/05/2019	56
22/05/2019	89
22/05/2019	81
22/05/2019	27
22/05/2019	21
23/05/2019	63
23/05/2019	53
23/05/2019	65
23/05/2019	28
24/05/2019	91
24/05/2019	15
24/05/2019	23
24/05/2019	96
25/05/2019	16
25/05/2019	95
25/05/2019	01
27/05/2019	54
27/05/2019	60
27/05/2019	97
27/05/2019	69
28/05/2019	66
28/05/2019	79
28/05/2019	45
28/05/2019	36
29/05/2019	92
29/05/2019	23
29/05/2019	78
29/05/2019	72
30/05/2019	43
30/05/2019	98
30/05/2019	83
30/05/2019	24
31/05/2019	54
31/05/2019	64
31/05/2019	49
31/05/2019	92
06/01/2019	86
06/01/2019	41
06/01/2019	57
06/01/2019	40
06/03/2019	04
06/03/2019	68
06/03/2019	18
06/03/2019	04
06/04/2019	62
06/04/2019	40
06/04/2019	54
06/04/2019	20
06/05/2019	68
06/05/2019	18
06/05/2019	63
06/05/2019	14
06/06/2019	71
06/06/2019	41
06/06/2019	34
06/06/2019	97
06/07/2019	51
06/07/2019	04
06/07/2019	00
06/07/2019	64
06/08/2019	97
06/08/2019	34
06/08/2019	60
06/08/2019	83
06/10/2019	11
06/10/2019	22
06/10/2019	01
06/10/2019	46
06/11/2019	54
06/11/2019	96
06/11/2019	75
06/11/2019	33
06/12/2019	75
06/12/2019	44
06/12/2019	91
06/12/2019	46
13/06/2019	82
13/06/2019	79
13/06/2019	99
13/06/2019	77
14/06/2019	58
14/06/2019	86
14/06/2019	47
14/06/2019	69
15/06/2019	53
15/06/2019	94
15/06/2019	24
15/06/2019	97
17/06/2019	23
17/06/2019	41
17/06/2019	51
17/06/2019	77
18/06/2019	49
18/06/2019	10
18/06/2019	32
18/06/2019	60
19/06/2019	29
19/06/2019	13
19/06/2019	70
19/06/2019	33
20/06/2019	84
20/06/2019	42
20/06/2019	04
21/06/2019	80
21/06/2019	26
21/06/2019	64
21/06/2019	93
22/06/2019	07
22/06/2019	96
22/06/2019	38
22/06/2019	97
24/06/2019	25
24/06/2019	91
24/06/2019	84
24/06/2019	84
25/06/2019	13
25/06/2019	19
25/06/2019	97
25/06/2019	36
26/06/2019	93
26/06/2019	22
26/06/2019	30
26/06/2019	88
27/06/2019	73
27/06/2019	09
27/06/2019	57
27/06/2019	60
28/06/2019	32
28/06/2019	64
28/06/2019	01
28/06/2019	41
29/06/2019	84
29/06/2019	24
29/06/2019	51
29/06/2019	59
07/01/2019	12
07/01/2019	40
07/01/2019	71
07/01/2019	95
07/02/2019	00
07/02/2019	30
07/02/2019	37
07/02/2019	64
07/03/2019	00
07/03/2019	09
07/03/2019	77
07/03/2019	48
07/04/2019	50
07/04/2019	37
07/04/2019	63
07/04/2019	12
07/05/2019	90
07/05/2019	27
07/05/2019	12
07/05/2019	76
07/06/2019	41
07/06/2019	48
07/06/2019	93
07/06/2019	41
07/08/2019	72
07/08/2019	06
07/08/2019	94
07/08/2019	32
07/09/2019	80
07/09/2019	18
07/09/2019	96
07/09/2019	94
07/10/2019	46
07/10/2019	06
07/10/2019	44
07/10/2019	15
07/11/2019	87
07/11/2019	58
07/11/2019	67
07/11/2019	34
07/12/2019	84
07/12/2019	50
07/12/2019	27
07/12/2019	18
13/07/2019	32
13/07/2019	04
13/07/2019	61
13/07/2019	97
15/07/2019	63
15/07/2019	77
15/07/2019	34
15/07/2019	94
16/07/2019	49
16/07/2019	78
16/07/2019	50
16/07/2019	28
17/07/2019	96
17/07/2019	07
17/07/2019	73
17/07/2019	41
18/07/2019	78
18/07/2019	75
18/07/2019	60
18/07/2019	12
19/07/2019	78
19/07/2019	87
19/07/2019	72
19/07/2019	27
20/07/2019	99
20/07/2019	28
20/07/2019	95
20/07/2019	51
22/07/2019	82
22/07/2019	83
22/07/2019	04
22/07/2019	49
23/07/2019	66
23/07/2019	38
23/07/2019	36
23/07/2019	47
24/07/2019	09
24/07/2019	24
24/07/2019	69
24/07/2019	80
25/07/2019	63
25/07/2019	15
25/07/2019	73
25/07/2019	29
26/07/2019	94
26/07/2019	41
26/07/2019	32
26/07/2019	54
27/07/2019	02
27/07/2019	94
27/07/2019	11
27/07/2019	43
29/07/2019	31
29/07/2019	62
29/07/2019	32
29/07/2019	04
30/07/2019	59
30/07/2019	19
30/07/2019	11
30/07/2019	15
31/07/2019	19
31/07/2019	13
31/07/2019	76
31/07/2019	43
08/01/2019	03
08/01/2019	68
08/01/2019	27
08/01/2019	53
08/02/2019	56
08/02/2019	38
08/02/2019	42
08/02/2019	83
08/03/2019	11
08/03/2019	94
08/03/2019	21
08/03/2019	21
08/05/2019	24
08/05/2019	74
08/05/2019	20
08/05/2019	51
08/06/2019	10
08/06/2019	94
08/06/2019	32
08/06/2019	98
08/07/2019	49
08/07/2019	41
08/07/2019	13
08/07/2019	97
08/08/2019	35
08/08/2019	90
08/08/2019	89
08/08/2019	96
08/09/2019	39
08/09/2019	70
08/09/2019	44
08/09/2019	96
08/10/2019	59
08/10/2019	43
08/10/2019	84
08/10/2019	63
08/12/2019	91
08/12/2019	43
08/12/2019	39
08/12/2019	81
13/08/2019	62
13/08/2019	57
13/08/2019	76
13/08/2019	32
14/08/2019	12
14/08/2019	55
14/08/2019	15
14/08/2019	73
15/08/2019	36
15/08/2019	02
15/08/2019	26
15/08/2019	16
16/08/2019	28
16/08/2019	07
16/08/2019	82
16/08/2019	54
17/08/2019	17
17/08/2019	51
17/08/2019	28
17/08/2019	02
19/08/2019	83
19/08/2019	07
19/08/2019	44
19/08/2019	38
20/08/2019	27
20/08/2019	21
20/08/2019	04
20/08/2019	40
21/08/2019	12
21/08/2019	71
21/08/2019	73
21/08/2019	62
22/08/2019	71
22/08/2019	45
22/08/2019	66
22/08/2019	18
23/08/2019	91
23/08/2019	17
23/08/2019	21
23/08/2019	04
24/08/2019	26
24/08/2019	17
24/08/2019	22
24/08/2019	11
26/08/2019	26
26/08/2019	27
26/08/2019	19
26/08/2019	76
27/08/2019	44
27/08/2019	68
27/08/2019	95
27/08/2019	07
28/08/2019	65
28/08/2019	00
28/08/2019	09
28/08/2019	05
29/08/2019	98
29/08/2019	71
29/08/2019	84
29/08/2019	93
30/08/2019	16
30/08/2019	94
30/08/2019	38
30/08/2019	39
31/08/2019	02
31/08/2019	88
31/08/2019	62
31/08/2019	51
09/02/2019	41
09/02/2019	83
09/02/2019	67
09/02/2019	84
09/03/2019	90
09/03/2019	83
09/03/2019	50
09/03/2019	69
09/04/2019	56
09/04/2019	41
09/04/2019	96
09/04/2019	90
09/05/2019	36
09/05/2019	70
09/05/2019	23
09/05/2019	46
09/06/2019	52
09/06/2019	07
09/06/2019	03
09/06/2019	25
09/07/2019	21
09/07/2019	25
09/07/2019	78
09/07/2019	58
09/09/2019	59
09/09/2019	30
09/09/2019	38
09/09/2019	56
09/10/2019	02
09/10/2019	75
09/10/2019	72
09/10/2019	90
09/11/2019	61
09/11/2019	58
09/11/2019	44
09/11/2019	66
09/12/2019	15
09/12/2019	27
09/12/2019	05
09/12/2019	52
13/09/2019	33
13/09/2019	77
13/09/2019	54
13/09/2019	06
14/09/2019	42
14/09/2019	98
14/09/2019	32
14/09/2019	06
16/09/2019	37
16/09/2019	59
16/09/2019	55
16/09/2019	79
17/09/2019	72
17/09/2019	93
17/09/2019	78
17/09/2019	72
18/09/2019	32
18/09/2019	04
18/09/2019	53
18/09/2019	06
19/09/2019	79
19/09/2019	75
19/09/2019	74
19/09/2019	61
20/09/2019	20
20/09/2019	98
20/09/2019	52
20/09/2019	22
21/09/2019	99
21/09/2019	06
21/09/2019	99
21/09/2019	17
23/09/2019	51
23/09/2019	54
23/09/2019	64
23/09/2019	71
24/09/2019	54
24/09/2019	09
24/09/2019	09
24/09/2019	23
25/09/2019	11
25/09/2019	15
25/09/2019	37
25/09/2019	83
26/09/2019	94
26/09/2019	65
26/09/2019	28
26/09/2019	52
27/09/2019	16
27/09/2019	17
27/09/2019	31
27/09/2019	31
28/09/2019	85
28/09/2019	28
28/09/2019	30
28/09/2019	09
30/09/2019	56
30/09/2019	13
30/09/2019	13
30/09/2019	45
10/01/2019	90
10/01/2019	77
10/01/2019	38
10/01/2019	07
10/02/2019	77
10/02/2019	45
10/02/2019	97
10/02/2019	34
10/03/2019	38
10/03/2019	43
10/03/2019	43
10/03/2019	11
10/04/2019	62
10/04/2019	74
10/04/2019	26
10/04/2019	69
10/05/2019	35
10/05/2019	12
10/05/2019	57
10/05/2019	22
10/07/2019	92
10/07/2019	18
10/07/2019	81
10/07/2019	01
10/08/2019	59
10/08/2019	20
10/08/2019	91
10/08/2019	57
10/09/2019	75
10/09/2019	13
10/09/2019	14
10/09/2019	42
10/10/2019	66
10/10/2019	33
10/10/2019	64
10/10/2019	20
10/11/2019	95
10/11/2019	06
10/11/2019	66
10/11/2019	41
10/12/2019	37
10/12/2019	17
10/12/2019	30
10/12/2019	80
14/10/2019	42
14/10/2019	93
14/10/2019	26
15/10/2019	71
15/10/2019	74
15/10/2019	63
15/10/2019	19
16/10/2019	96
16/10/2019	53
16/10/2019	53
16/10/2019	91
17/10/2019	56
17/10/2019	48
17/10/2019	19
17/10/2019	33
18/10/2019	10
18/10/2019	43
18/10/2019	02
18/10/2019	79
19/10/2019	82
19/10/2019	12
19/10/2019	34
19/10/2019	30
21/10/2019	82
21/10/2019	72
21/10/2019	88
21/10/2019	34
22/10/2019	91
22/10/2019	48
22/10/2019	79
22/10/2019	42
23/10/2019	16
23/10/2019	39
23/10/2019	68
23/10/2019	02
24/10/2019	09
24/10/2019	88
24/10/2019	60
24/10/2019	86
25/10/2019	59
25/10/2019	84
25/10/2019	77
25/10/2019	47
26/10/2019	00
26/10/2019	75
26/10/2019	60
26/10/2019	51
28/10/2019	54
28/10/2019	52
28/10/2019	38
28/10/2019	92
29/10/2019	70
29/10/2019	98
29/10/2019	50
29/10/2019	40
30/10/2019	42
30/10/2019	26
30/10/2019	91
30/10/2019	16
31/10/2019	18
31/10/2019	31
31/10/2019	71
11/01/2019	74
11/01/2019	34
11/01/2019	72
11/01/2019	34
11/02/2019	42
11/02/2019	91
11/02/2019	80
11/02/2019	42
11/04/2019	73
11/04/2019	86
11/04/2019	09
11/04/2019	48
11/05/2019	73
11/05/2019	05
11/05/2019	64
11/05/2019	87
11/06/2019	92
11/06/2019	12
11/06/2019	26
11/06/2019	33
11/07/2019	68
11/07/2019	58
11/07/2019	19
11/07/2019	71
11/08/2019	57
11/08/2019	15
11/08/2019	45
11/08/2019	68
11/09/2019	17
11/09/2019	67
11/09/2019	54
11/09/2019	72
11/11/2019	39
11/11/2019	93
11/11/2019	83
11/11/2019	85
11/12/2019	73
11/12/2019	49
11/12/2019	04
11/12/2019	20
13/11/2019	18
13/11/2019	57
13/11/2019	38
13/11/2019	67
14/11/2019	94
14/11/2019	53
14/11/2019	73
14/11/2019	12
15/11/2019	16
15/11/2019	37
15/11/2019	88
15/11/2019	07
16/11/2019	31
16/11/2019	47
16/11/2019	81
16/11/2019	05
18/11/2019	70
18/11/2019	16
18/11/2019	35
19/11/2019	74
19/11/2019	25
19/11/2019	00
19/11/2019	62
20/11/2019	82
20/11/2019	37
20/11/2019	17
20/11/2019	85
21/11/2019	27
21/11/2019	22
21/11/2019	17
21/11/2019	30
22/11/2019	32
22/11/2019	93
22/11/2019	85
22/11/2019	66
23/11/2019	09
23/11/2019	96
23/11/2019	78
23/11/2019	91
25/11/2019	32
25/11/2019	01
25/11/2019	02
25/11/2019	66
26/11/2019	87
26/11/2019	44
26/11/2019	62
26/11/2019	44
27/11/2019	86
27/11/2019	38
27/11/2019	98
27/11/2019	31
28/11/2019	45
28/11/2019	08
28/11/2019	31
28/11/2019	42
29/11/2019	44
29/11/2019	20
29/11/2019	82
29/11/2019	74
30/11/2019	91
30/11/2019	50
30/11/2019	93
30/11/2019	53
12/02/2019	97
12/02/2019	12
12/02/2019	27
12/02/2019	90
12/03/2019	26
12/03/2019	72
12/03/2019	65
12/03/2019	32
12/04/2019	28
12/04/2019	93
12/04/2019	22
12/04/2019	05
12/05/2019	13
12/05/2019	86
12/05/2019	85
12/05/2019	29
12/06/2019	02
12/06/2019	70
12/06/2019	65
12/06/2019	23
12/07/2019	99
12/07/2019	98
12/07/2019	51
12/07/2019	94
12/09/2019	58
12/09/2019	46
12/09/2019	65
12/09/2019	02
12/10/2019	40
12/10/2019	69
12/10/2019	65
12/10/2019	39
12/11/2019	04
12/11/2019	04
12/11/2019	59
12/11/2019	20
12/12/2019	57
12/12/2019	50
12/12/2019	23
12/12/2019	07
13/12/2019	67
13/12/2019	07
13/12/2019	11
13/12/2019	93
14/12/2019	58
14/12/2019	10
14/12/2019	64
14/12/2019	59
16/12/2019	44
16/12/2019	53
16/12/2019	67
16/12/2019	98
17/12/2019	01
17/12/2019	88
17/12/2019	22
17/12/2019	94
18/12/2019	42
18/12/2019	50
18/12/2019	71
18/12/2019	59
19/12/2019	37
19/12/2019	93
19/12/2019	34
19/12/2019	15
20/12/2019	63
20/12/2019	60
20/12/2019	87
20/12/2019	18
21/12/2019	29
21/12/2019	64
21/12/2019	27
21/12/2019	20
23/12/2019	35
23/12/2019	20
23/12/2019	55
23/12/2019	71
24/12/2019	42
24/12/2019	98
24/12/2019	18
26/12/2019	89
26/12/2019	80
26/12/2019	44
26/12/2019	91
27/12/2019	19
27/12/2019	63
27/12/2019	61
27/12/2019	73
28/12/2019	54
28/12/2019	28
28/12/2019	11
28/12/2019	43
30/12/2019	47
30/12/2019	13
30/12/2019	28
30/12/2019	25
31/12/2019	44
31/12/2019	46
31/12/2019	98
01/02/2020	81
01/02/2020	87
01/02/2020	99
01/02/2020	13
01/03/2020	79
01/03/2020	53
01/03/2020	64
01/04/2020	90
01/04/2020	42
01/04/2020	06
01/04/2020	99
01/06/2020	22
01/06/2020	28
01/06/2020	77
01/06/2020	75
01/07/2020	67
01/07/2020	26
01/07/2020	76
01/07/2020	86
01/08/2020	04
01/08/2020	22
01/08/2020	33
01/08/2020	00
01/09/2020	24
01/09/2020	40
01/09/2020	61
01/09/2020	56
01/10/2020	30
01/10/2020	80
01/10/2020	88
01/10/2020	61
01/11/2020	84
01/11/2020	60
01/11/2020	67
01/11/2020	91
13/01/2020	30
13/01/2020	93
13/01/2020	59
13/01/2020	43
14/01/2020	91
14/01/2020	11
14/01/2020	35
14/01/2020	02
15/01/2020	21
15/01/2020	18
15/01/2020	63
15/01/2020	83
16/01/2020	23
16/01/2020	65
16/01/2020	08
16/01/2020	82
17/01/2020	17
17/01/2020	17
17/01/2020	67
17/01/2020	95
18/01/2020	24
18/01/2020	57
18/01/2020	23
18/01/2020	43
20/01/2020	83
20/01/2020	71
20/01/2020	74
20/01/2020	25
21/01/2020	72
21/01/2020	05
21/01/2020	65
21/01/2020	29
22/01/2020	82
22/01/2020	98
22/01/2020	46
22/01/2020	98
23/01/2020	83
23/01/2020	15
23/01/2020	05
23/01/2020	92
24/01/2020	86
24/01/2020	82
24/01/2020	10
24/01/2020	54
25/01/2020	18
25/01/2020	40
25/01/2020	63
25/01/2020	20
27/01/2020	35
27/01/2020	76
27/01/2020	39
27/01/2020	16
28/01/2020	88
28/01/2020	37
28/01/2020	69
28/01/2020	43
29/01/2020	13
29/01/2020	21
29/01/2020	26
29/01/2020	21
30/01/2020	13
30/01/2020	53
30/01/2020	39
30/01/2020	11
31/01/2020	03
31/01/2020	66
31/01/2020	85
02/01/2020	35
02/01/2020	24
02/01/2020	30
02/01/2020	25
02/03/2020	99
02/03/2020	28
02/03/2020	47
02/03/2020	01
02/04/2020	21
02/04/2020	16
02/04/2020	05
02/04/2020	81
02/05/2020	52
02/05/2020	35
02/05/2020	82
02/05/2020	89
02/06/2020	57
02/06/2020	31
02/06/2020	51
02/06/2020	20
02/07/2020	33
02/07/2020	09
02/07/2020	25
02/07/2020	06
02/08/2020	42
02/08/2020	03
02/08/2020	30
02/08/2020	25
02/10/2020	65
02/10/2020	58
02/10/2020	23
02/10/2020	99
02/11/2020	06
02/11/2020	74
02/11/2020	10
02/11/2020	53
02/12/2020	17
02/12/2020	49
02/12/2020	74
02/12/2020	51
13/02/2020	18
13/02/2020	67
13/02/2020	60
13/02/2020	10
14/02/2020	29
14/02/2020	06
14/02/2020	87
14/02/2020	55
15/02/2020	52
15/02/2020	01
15/02/2020	23
15/02/2020	05
17/02/2020	37
17/02/2020	17
17/02/2020	26
17/02/2020	04
18/02/2020	86
18/02/2020	35
18/02/2020	31
18/02/2020	46
19/02/2020	95
19/02/2020	57
19/02/2020	00
19/02/2020	86
20/02/2020	35
20/02/2020	56
20/02/2020	62
20/02/2020	00
21/02/2020	05
21/02/2020	09
21/02/2020	22
21/02/2020	36
22/02/2020	12
22/02/2020	48
22/02/2020	48
22/02/2020	29
24/02/2020	56
24/02/2020	29
24/02/2020	86
25/02/2020	18
25/02/2020	06
25/02/2020	94
26/02/2020	07
26/02/2020	60
26/02/2020	34
26/02/2020	25
27/02/2020	36
27/02/2020	93
27/02/2020	50
27/02/2020	41
28/02/2020	12
28/02/2020	89
28/02/2020	02
28/02/2020	98
29/02/2020	96
29/02/2020	79
29/02/2020	34
29/02/2020	27
03/02/2020	98
03/02/2020	31
03/02/2020	40
03/02/2020	27
03/03/2020	94
03/03/2020	60
03/03/2020	93
03/03/2020	16
03/04/2020	75
03/04/2020	54
03/04/2020	71
03/04/2020	76
03/05/2020	95
03/05/2020	72
03/05/2020	07
03/05/2020	41
03/06/2020	89
03/06/2020	31
03/06/2020	87
03/06/2020	12
03/07/2020	06
03/07/2020	06
03/07/2020	31
03/07/2020	17
03/09/2020	74
03/09/2020	56
03/09/2020	64
03/09/2020	93
03/10/2020	80
03/10/2020	64
03/10/2020	10
03/11/2020	78
03/11/2020	49
03/11/2020	47
03/11/2020	56
03/12/2020	82
03/12/2020	67
03/12/2020	90
13/03/2020	54
13/03/2020	53
13/03/2020	53
13/03/2020	42
14/03/2020	94
14/03/2020	21
14/03/2020	04
14/03/2020	18
16/03/2020	94
16/03/2020	44
16/03/2020	83
16/03/2020	56
17/03/2020	50
17/03/2020	69
18/03/2020	98
18/03/2020	53
18/03/2020	11
18/03/2020	49
19/03/2020	28
19/03/2020	11
19/03/2020	61
14/05/2020	72
14/05/2020	27
18/05/2020	18
18/05/2020	36
19/05/2020	67
19/05/2020	01
20/05/2020	84
20/05/2020	12
21/05/2020	97
21/05/2020	92
22/05/2020	15
22/05/2020	27
26/05/2020	62
26/05/2020	40
26/05/2020	75
26/05/2020	81
27/05/2020	67
27/05/2020	77
27/05/2020	72
27/05/2020	17
28/05/2020	23
28/05/2020	33
28/05/2020	58
28/05/2020	38
29/05/2020	21
29/05/2020	63
29/05/2020	58
30/05/2020	82
06/01/2020	34
06/01/2020	82
06/01/2020	08
06/01/2020	47
06/02/2020	74
06/02/2020	87
06/02/2020	70
06/02/2020	66
06/03/2020	48
06/03/2020	88
06/03/2020	61
06/03/2020	23
06/04/2020	52
06/04/2020	64
06/04/2020	29
06/04/2020	87
06/05/2020	62
06/05/2020	54
06/05/2020	75
06/06/2020	62
06/08/2020	20
06/08/2020	54
06/08/2020	19
06/08/2020	66
06/09/2020	93
06/09/2020	68
06/09/2020	09
06/09/2020	15
06/10/2020	00
06/10/2020	01
06/10/2020	97
06/10/2020	49
06/11/2020	34
06/11/2020	95
06/11/2020	97
06/12/2020	31
06/12/2020	65
16/06/2020	93
16/06/2020	31
16/06/2020	11
16/06/2020	11
17/06/2020	06
17/06/2020	31
17/06/2020	68
17/06/2020	15
18/06/2020	82
18/06/2020	03
18/06/2020	56
18/06/2020	73
19/06/2020	80
19/06/2020	48
19/06/2020	02
20/06/2020	17
22/06/2020	26
22/06/2020	93
22/06/2020	11
22/06/2020	08
23/06/2020	70
23/06/2020	12
23/06/2020	66
23/06/2020	19
24/06/2020	64
24/06/2020	58
24/06/2020	46
24/06/2020	77
25/06/2020	71
25/06/2020	57
25/06/2020	85
25/06/2020	99
26/06/2020	75
26/06/2020	32
26/06/2020	46
27/06/2020	75
29/06/2020	30
29/06/2020	70
29/06/2020	07
29/06/2020	09
30/06/2020	83
30/06/2020	43
30/06/2020	51
20/07/2020	57
20/07/2020	90
20/07/2020	33
20/07/2020	88
21/07/2020	35
21/07/2020	77
21/07/2020	74
21/07/2020	91
22/07/2020	30
22/07/2020	15
22/07/2020	35
22/07/2020	39
23/07/2020	53
23/07/2020	99
23/07/2020	82
23/07/2020	09
24/07/2020	26
24/07/2020	00
25/07/2020	64
27/07/2020	58
27/07/2020	47
27/07/2020	90
27/07/2020	83
28/07/2020	23
28/07/2020	03
28/07/2020	68
28/07/2020	98
29/07/2020	45
29/07/2020	93
29/07/2020	56
29/07/2020	44
30/07/2020	94
30/07/2020	52
30/07/2020	12
30/07/2020	02
31/07/2020	53
31/07/2020	03
31/07/2020	36
	
	
	
	
	
	
	
	
	
	
	
	
	
	
	
	
	
	
	
	
	
	
	
	
	
	
	
	
	
	
	
	
	
	
	
	
	
	
	
	
	
	
	
	
	
	
	
	
	
	
	
	
	
	
	
	
	
	
	
	
	
	
	
	
	
	
	
	
	
	
	
	
	
	
	
	
	
	
	
	
	
	
	
	
	
	
	
	
	
	
	
	
	
	
	
	
	
	
	
	
	
	
	
	
	
	
	
	
	
	
	
	
	
	
	
	
	
	
	
	
	
	
	
	
	
	
	
	
	
	
	
	
	
	
	
	
	
	
	
	
	
	
	
	
	
	
	
	
	
	
	
	
	
	
	
	
	
	
	
	
	
	
	
	
	
	
	
	
	
	
	
	
	
	
	
	
	
	
	
	
	
	
	
	
	
	
	
	
	
	
	
	
	
	
	
	
	
	
	
	
	
	
	
	
	
	
	
	
	
	
	
	
	
	
	
	
	
	
	
	
	
	
	
	
	
	
	
	
	
	
	
	
	
	
	
	
	
	
	
	
	
	
	
	
	
	
	
	
	
	
	
	
	
	
	
	
	
	
	
	
	
	
	
	
	
	
	
	
	
	
	
	
	
	
	
	
	
	
	
	
	
	
	
	
	
	
	
	
	
	
	
	
	
	
	
	
	
	
	
	
	
	
	
	
	
	
	
	
	
	
	
	
	
	
	
	
	
	
	
	
	
	
	
	
	
	
	
	
	
	
	
	
	
	
	
	
	
	
	
	
	
	
	
	
	
	
	
	
	
	
	
	
	
	
	
	
	
	
	
	
	
	
	
	
	
	
	
	
	
	
	
	
	
	
	
	
	
	
	
	
	
	
	
	
	
	
	
	
	
	
	
	
	
	
	
	
	
	
	
	
	
	
	
	
	
	
	
	
	
	
	
	
	
	
	
	
	
	
	
	
	
	
	
	
	
	
	
	
	
	
	
	
	
	
	
	
	
	
	
	
	
	
	
	
	
	
	
	
	
	
	
	
	
	
	
	
	
	
	
	
	
	
	
	
	
	
	
	
	
	
	
	
	
	
	
	
	
	
	
	
	
	
	
	
	
	
	
	
	
	
	
	
	
	
	
	
	
	
	
	
	
	
	
	
	
	
	
	
	
	
	
	
	
	
	
	
	
	
	
	
	
	
	
	
	
	
	
	
	
	
	
	
	
	
	
	
	
	
	
	
	
	
	
	
	
	
	
	
	
	
	
	
	
	
	
	
	
	
	
	
	
	
	
	
	
	
	
	
	
	
	
	
	
	
	
	
	
	
	
	
	
	
	
	
	
	
	
	
	
	
	
	
	
	
	
	
	
	
	
	
	
	
	
	
	
	
	
	
	
	
	
	
	
	
	
	
	
	
	
	
	
	
	
	
	
	
	
	
	
	
	
	
	
	
	
	
	
	
	
	
	
	
	
	
	
	
	
	
	
	
	
	
	
	
	
	
	
	
	
	
	
	
	
	
	
	
	
	
	
	
	
	
	
	
	
	
	
	
	
	
	
	
	
	
	
	
	
	
	
	
	
	
	
	
	
	
	
	
	
	
	
	
	
	
	
	
	
	
	
	
	
	
	
	
	
	
	
	
	
	
	
	
	
	
	
	
	
	
	
	
	
	
	
	
	
	
	
	
	
	
	
	
	
	
	
	
	
	
	
	
	
	
	
	
	
	
	
	
	
	
	
	
	
	
	
	
	
	
	
	
	
	
	
	
	
	
	
	
	
	
	
	
	
	
	
	
	
	
	
	
	
	
	
	
	
	
	
	
	
	
	
	
	
	
	
	
	
	
	
	
	
	
	
	
	
	
	
	
	
	
	
	
	
	
	
	
	
	
	
	
	
	
	
	
	
	
	
	
	
	
	
	
	
	
	
	
	
	
	
	
	
	
	
	
	
	
	
	
	
	
	
	
	
	
	
	
	
	
	
	
	
	
	
	
	
	
	
	
	
	
	
	
	
	
	
	
	
	
	
	
	
	
	
	
	
	
	
	
	
	
	
	
	
	
	
	
	
	
	
	
	
	
	
	
	
	
	
	
	
	
	
	
	
	
	
	
	
	
	
	
	
	
	
	
	
	
	
	
	
	
	
	
	
	
	
	
	
	
	
	
	
	
	
	
	
	
	
	
	
	
	
	
	
	
	
	
	
	
	
	
	
	
	
	
	
	
	
	
	
	
	
	
	
	
	
	
	
	
	
	
	
	
	
	
	
	
	
	
	
	
	
	
	
	
	
	
	
	
	
	
	
	
	
	
	
	
	
	
	
	
	
	
	
	
	
	
	
	
	
	
	
	
	
	
	
	
	
	
	
	
	
	
	
	
	
	
	
	
	
	
	
	
	
	
	
	
	
	
	
	
	
	
	
	
	
	
	
	
	
	
	
	
	
	
	
	
	
	
	
	
	
	
	
	
	
	
	
	
	
	
	
	
	
	
	
	
	
	
	
	
	
	
	
	
	
	
	
	
	
	
	
	
	
	
	
	
	
	
	
	
	
	
	
	
	
	
	
	
	
	
	
	
	
	
	
	
	
	
	
	
	
	
	
	
	
	
	
	
	
	
	
	
	
	
	
	
	
	
	
	
	
	
	
	
	
	
	
	
	
	
	
	
	
	
